model_key,model_name,feature_group,is_leaky,matrix,n_features,val_auc_pr,val_roc_auc,val_threshold,val_expected_cost,val_precision,val_recall,val_f1,val_loss_avoided_pct,val_flagged_rate,test_auc_pr,test_roc_auc,test_expected_cost,test_precision,test_recall,test_f1,test_loss_avoided_pct,test_flagged_rate
logreg,Logistic Regression,realistic,False,linear,44,0.26547942471976693,0.9890848278810748,0.28043999999999997,3255332.54,0.00570583918216305,0.9822064056939501,0.011345768459996916,99.92551229459858,0.101365999121955,0.5864176366376832,0.9899697277845494,5367567.16,0.024879494812360656,0.9967564870259481,0.04854722873704293,99.98463853687622,0.16824725244212813
rf,Random Forest,realistic,False,tree,44,0.747626994028527,0.9687324176674447,0.001,5029992.05,0.018545135845749343,0.9412811387900356,0.03637363770756696,99.43575186159211,0.02988810689097678,0.8119107619240744,0.970234034369746,28397982.560000002,0.08647576489900141,0.9463572854291418,0.15847085857530813,99.56883043766679,0.04595800681689828
xgb,XGBoost,realistic,False,tree,44,0.8161234847682913,0.999160027121347,0.38023999999999997,541275.28,0.045047246660149885,0.9839857651245552,0.0861504907306434,99.97190106339636,0.012862625773659278,0.9083772523419532,0.9987623998623859,11829558.48,0.25100245763808043,0.968313373253493,0.39866461222393423,99.81823690989057,0.016200873225180823
